species,genus,family,order,class,phylum,kingdom,lowest
Abyssocucumis abyssorum,Abyssocucumis,Cucumariidae,Dendrochirotida,Holothuroidea,Echinodermata,Animalia,species
Acanthascinae,Acanthascinae,Rossellidae,Lyssacinosida,Hexactinellida,Porifera,Animalia,genus
Acanthoptilum,Acanthoptilum,Virgulariidae,Scleralcyonacea,Octocorallia,Cnidaria,Animalia,genus
Actinernus,Actinernus,Actinernoidea,Actiniaria,Hexacorallia,Cnidaria,Animalia,genus
Actiniaria,Actiniaria,Actiniaria,Actiniaria,Hexacorallia,Cnidaria,Animalia,class
Actinopterygii,Actinopterygii,Actinopterygii,Actinopterygii,Actinopterygii,Chordata,Animalia,class
Amphipoda,Amphipoda,Amphipoda,Amphipoda,Malacostraca,Arthropoda,Animalia,order
Apostichopus leukothele,Apostichopus,Stichopodidae,Synallactida,Holothuroidea,Echinodermata,Animalia,species
Asbestopluma,Asbestopluma,Cladorhizidae,Poecilosclerida,Demospongiae,Porifera,Animalia,genus
Asbestopluma monticola,Asbestopluma,Cladorhizidae,Poecilosclerida,Demospongiae,Porifera,Animalia,species
Asteroidea,Asteroidea,Asteroidea,Asteroidea,Asteroidea,Echinodermata,Animalia,class
Benthocodon pedunculata,Benthocodon,Rhopalonematidae,Trachymedusae,Hydrozoa,Cnidaria,Animalia,species
Brisingida,Brisingida,Brisingida,Brisingida,Asteroidea,Echinodermata,Animalia,order
Caridea,Caridea,Caridea,Decapoda,Malacostraca,Arthropoda,Animalia,family
Ceriantharia,Ceriantharia,Ceriantharia,Ceriantharia,Hexacorallia,Cnidaria,Animalia,family
Chionoecetes tanneri,Chionoecetes,Oregoniidae,Decapoda,Malacostraca,Arthropoda,Animalia,species
Chorilia longipes,Chorilia,Epialtidae,Decapoda,Malacostraca,Arthropoda,Animalia,genus
Corallimorphus pilatus,Corallimorphus,Corallimorphidae,Corallimorpharia,Hexacorallia,Cnidaria,Animalia,species
Crinoidea,Crinoidea,Crinoidea,Crinoidea,Crinoidea,Echinodermata,Animalia,class
Delectopecten,Cyclopecten,Propeamussiidae,Pectinida,Bivalvia,Mollusca,Animalia,genus
Elpidia,Elpidia,Elpidiidae,Elasipodida,Holothuroidea,Echinodermata,Animalia,genus
Farrea,Farrea,Farreidae,Sceptrulophora,Hexactinellida,Porifera,Animalia,genus
Florometra serratissima,Florometra,Antedonoidea,Comatulida,Crinoidea,Echinodermata,Animalia,species
Funiculina,Funiculina,Funiculinidae,Scleralcyonacea,Octocorallia,Cnidaria,Animalia,genus
Munnopsidae,Munnopsidae,Munnopsidae,Isopoda,Malacostraca,Arthropoda,Animalia,family
Mycale,Mycale,Mycalidae,Poecilosclerida,Demospongiae,Porifera,Animalia,genus
Octopus rubescens,Octopus,Octopodidae,Octopoda,Cephalopoda,Mollusca,Animalia,species
Ophiacanthidae,Ophiacanthidae,Ophiacanthidae,Ophiacanthida,Ophiuroidea,Echinodermata,Animalia,family
Ophiuroidea,Ophiuroidea,Ophiuroidea,Ophiuroidea,Ophiuroidea,Echinodermata,Animalia,class
Paelopatides confundens,Paelopatides,Synallactidae,Synallactida,Holothuroidea,Echinodermata,Animalia,species
Pandalus amplus,Pandalus,Pandalidae,Decapoda,Malacostraca ,Arthropoda,Animalia,species
Pandalus platyceros,Pandalus,Pandalidae,Decapoda,Malacostraca,Arthropoda,Animalia,species
Gastropoda,Gastropoda,Gastropoda,Gastropoda,Gastropoda,Mollusca,Animalia,class
Gersemia juliepackardae,Gersemia,Alcyoniidae,Malacalcyonacea,Octocorallia,Cnidaria,Animalia,species
Heterocarpus,Heterocarpus,Pandalidae,Decapoda,Malacostraca,Arthropoda,Animalia,genus
Heterochone calyx,Heterochone,Aphrocallistidae,Sceptrulophora,Hexactinellida,Porifera,Animalia,species
Heteropolypus ritteri,Heteropolypus,Coralliidae,Scleralcyonacea,Octocorallia,Cnidaria,Animalia,species
Hexactinellida,Hexactinellida,Hexactinellida,Hexactinellida,Hexactinellida,Porifera,Animalia,class
Hippasteria,Hippasteria,Goniasteridae,Valvatida,Asteroidea,Echinodermata,Animalia,genus
Holothuroidea,Holothuroidea,Holothuroidea,Holothuroidea,Holothuroidea,Echinodermata,Animalia,class
Hormathiidae,Hormathiidae,Hormathiidae,Actiniaria,Hexacorallia,Cnidaria,Animalia,family
Isidella tentaculum,Isidella,Keratoisididae,Scleralcyonacea,Octocorallia,Cnidaria,Animalia,species
Isididae,Isididae,Isididae,Malacalcyonacea,Octocorallia,Cnidaria,Animalia,family
Isosicyonis,Isosicyonis,Actiniidae,Actiniaria,Hexacorallia,Cnidaria,Animalia,genus
Keratoisis,Keratoisis,Keratoisididae,Scleralcyonacea,Octocorallia,Cnidaria,Animalia,genus
Liponema brevicorne,Liponema,Liponematidae,Actiniaria,Hexacorallia,Cnidaria,Animalia,species
Lithodidae,Lithodidae,Lithodidae,Decapoda,Malacostraca,Arthropoda,Animalia,family
Mediaster aequalis,Mediaster,Goniasteridae,Valvatida,Asteroidea,Echinodermata,Animalia,species
Merluccius productus,Merluccius,Merlucciidae,Gadiformes,Teleostei,Chordata,Animalia,species
Metridium farcimen,Metridium,Metridioidea,Actiniaria,Hexacorallia,Cnidaria,Animalia,species
Microstomus pacificus,Microstomus,Pleuronectidae,Pleuronectiformes,Actinopterygii,Chordata,Animalia,species
Munidopsis,Munidopsis,Galatheoidea,Eucarida,Multicrustacea,Arthropoda,Animalia,genus
Pannychia moseleyi,Pannychia,Laetmogonidae,Elasipodida,Holothuroidea,Echinodermata,Animalia,species
Paragorgia,Paragorgia,Coralliidae,Scleralcyonacea,Octocorallia,Cnidaria,Animalia,genus
Paragorgia arborea,Paragorgia,Coralliidae,Scleralcyonacea,Octocorallia,Cnidaria,Animalia,species
Paralomis multispina,Paralomis,Lithodidae,Decapoda,Malacostraca,Arthropoda,Animalia,species
Parastenella,Parastenella,Primnoidae,Scleralcyonacea,Octocorallia,Cnidaria,Animalia,genus
Peniagone,Peniagone,Elpidiidae,Elasipodida,Holothuroidea,Echinodermata,Animalia,genus
Pennatula phosphorea,Pennatula,Pennatulidae,Scleralcyonacea,Octocorallia,Cnidaria,Animalia,species
Porifera,Porifera,Porifera,Porifera,Porifera,Porifera,Animalia,phylum
Psathyrometra fragilis,Psathyrometra,Zenometridae,Comatulida,Crinoidea,Echinodermata,Animalia,species
Psolus squamatus,Psolus,Psolidae,Dendrochirotida,Holothuroidea,Echinodermata,Animalia,species
Ptychogastria polaris,Ptychogastria,Ptychogastriidae,Trachymedusae,Hydrozoa,Cnidaria,Animalia,species
Pyrosoma atlanticum,Pyrosoma,Pyrosomatidae,Pyrosomatida,Thaliacea,Chordata,Animalia,species
Rathbunaster californicus,Rathbunaster,Asteriidae,Forcipulatacea,Asteroidea,Echinodermata,Animalia,species
Scleractinia,Scleractinia,Scleractinia,Scleractinia,Hexacorallia,Cnidaria,Animalia,order
Scotoplanes,Scotoplanes,Elpidiidae,Elasipodida,Holothuroidea,Echinodermata,Animalia,genus
Scotoplanes globosa,Scotoplanes,Elpidiidae,Elasipodida,Holothuroidea,Echinodermata,Animalia,species
Sebastes,Sebastes,Sebastidae,Perciformes,Teleostei,Chordata,Animalia,genus
Sebastes diploproa,Sebastes,Sebastidae,Perciformes,Teleostei,Chordata,Animalia,species
Sebastolobus,Sebastolobus,Sebastidae,Perciformes,Teleostei,Chordata,Animalia,genus
Serpulidae,Serpulidae,Serpulidae,Sabellida,Polychaeta,Annelida,Animalia,family
Staurocalyptus,Acanthascus,Rossellidae,Lyssacinosida,Hexactinellida,Porifera,Animalia,species
Strongylocentrotus fragilis,Strongylocentrotus,Strongylocentrotidae,Camarodonta,Echinoidea,Echinodermata,Animalia,species
Terebellidae,Terebellidae,Terebellidae,Terebellida,Polychaeta,Annelida,Animalia,family
Tunicata,Tunicata,Tunicata,Tunicata,Tunicata,Chordata,Animalia,class
Umbellula,Umbellula,Umbellulidae,Scleralcyonacea,Octocorallia,Cnidaria,Animalia,genus
Vesicomyidae,Vesicomyidae,Vesicomyidae,Venerida,Bivalvia,Mollusca,Animalia,family
Zoantharia,Zoantharia,Zoantharia,Zoantharia,Hexacorallia,Cnidaria,Animalia,order